K,T,cumulative_profit,delta,profit_shortfall,pseudo_regret,scale,seed,sweep
8,2048,-116.28571428571439,0.05,116.28571428571439,117.10364204637946,626.623188654289,0,T
8,2048,-114.99999999999974,0.05,114.99999999999974,119.53317676487674,626.623188654289,1,T
8,2048,-138.2857142857142,0.05,138.2857142857142,110.71901635142021,626.623188654289,2,T
8,2048,-124.00000000000014,0.05,124.00000000000014,124.2439681846441,626.623188654289,3,T
8,2048,-106.14285714285697,0.05,106.14285714285697,120.08983978233115,626.623188654289,4,T
8,2048,-107.57142857142837,0.05,107.57142857142837,134.98953881901,626.623188654289,5,T
8,2048,-120.2857142857144,0.05,120.2857142857144,97.77740394675774,626.623188654289,6,T
8,2048,-128.1428571428574,0.05,128.1428571428574,77.1873256469467,626.623188654289,7,T
8,2048,-135.42857142857127,0.05,135.42857142857127,92.08673640802573,626.623188654289,8,T
8,2048,-130.42857142857144,0.05,130.42857142857144,118.38598566159448,626.623188654289,9,T
8,2048,-109.57142857142857,0.05,109.57142857142857,126.60770252905674,626.623188654289,10,T
8,2048,-124.71428571428602,0.05,124.71428571428602,107.2060515267317,626.623188654289,11,T
8,8192,-941.1428571428575,0.05,941.1428571428575,328.2599106007784,1253.246377308578,0,T
8,8192,-936.4285714285702,0.05,936.4285714285702,359.4419982391606,1253.246377308578,1,T
8,8192,-943.2857142857147,0.05,943.2857142857147,324.53423979429306,1253.246377308578,2,T
8,8192,-952.9999999999994,0.05,952.9999999999994,302.70539510142044,1253.246377308578,3,T
8,8192,-949.7142857142862,0.05,949.7142857142862,324.76082023681397,1253.246377308578,4,T
8,8192,-946.7142857142837,0.05,946.7142857142837,384.58056387485544,1253.246377308578,5,T
8,8192,-944.142857142858,0.05,944.142857142858,346.39090810121843,1253.246377308578,6,T
8,8192,-953.4285714285708,0.05,953.4285714285708,383.0468375656361,1253.246377308578,7,T
8,8192,-954.2857142857122,0.05,954.2857142857122,335.90236128437857,1253.246377308578,8,T
8,8192,-944.7142857142859,0.05,944.7142857142859,341.31879351305736,1253.246377308578,9,T
8,8192,-963.0000000000013,0.05,963.0000000000013,338.1134029757459,1253.246377308578,10,T
8,8192,-955.4285714285702,0.05,955.4285714285702,330.98086691049605,1253.246377308578,11,T
8,32768,-4055.857142857146,0.05,4055.857142857146,1145.8716354063918,2506.492754617156,0,T
8,32768,-3984.5714285714503,0.05,3984.5714285714503,1160.701688547288,2506.492754617156,1,T
8,32768,-4043.0000000000186,0.05,4043.0000000000186,1045.1560531526907,2506.492754617156,2,T
8,32768,-4020.1428571428564,0.05,4020.1428571428564,1118.1650164857715,2506.492754617156,3,T
8,32768,-3995.571428571441,0.05,3995.571428571441,1069.8391945429325,2506.492754617156,4,T
8,32768,-4010.8571428571613,0.05,4010.8571428571613,1110.9865470270947,2506.492754617156,5,T
8,32768,-4022.4285714285693,0.05,4022.4285714285693,1057.4012033289478,2506.492754617156,6,T
8,32768,-4078.5714285714434,0.05,4078.5714285714434,1020.2863788921459,2506.492754617156,7,T
8,32768,-4031.8571428571477,0.05,4031.8571428571477,1160.52677871069,2506.492754617156,8,T
8,32768,-4019.428571428565,0.05,4019.428571428565,1075.3430011138594,2506.492754617156,9,T
8,32768,-4059.428571428568,0.05,4059.428571428568,1115.5769246691038,2506.492754617156,10,T
8,32768,-3923.000000000001,0.05,3923.000000000001,1072.8934595240476,2506.492754617156,11,T
8,131072,-17326.99999999907,0.05,17326.99999999907,2697.1961742928233,5012.985509234312,0,T
8,131072,-17380.714285713097,0.05,17380.714285713097,2721.710416916736,5012.985509234312,1,T
8,131072,-17204.1428571412,0.05,17204.1428571412,2787.3653148966278,5012.985509234312,2,T
8,131072,-17314.71428571274,0.05,17314.71428571274,2779.91457328505,5012.985509234312,3,T
8,131072,-17252.57142856948,0.05,17252.57142856948,2851.5647143101633,5012.985509234312,4,T
8,131072,-17444.42857142744,0.05,17444.42857142744,2771.493976871252,5012.985509234312,5,T
8,131072,-17106.999999998632,0.05,17106.999999998632,2761.982320462994,5012.985509234312,6,T
8,131072,-17523.857142856275,0.05,17523.857142856275,2731.1114344264915,5012.985509234312,7,T
8,131072,-17354.428571427692,0.05,17354.428571427692,2799.8047924806942,5012.985509234312,8,T
8,131072,-17583.714285713315,0.05,17583.714285713315,2778.5787012264573,5012.985509234312,9,T
8,131072,-17318.28571428417,0.05,17318.28571428417,2809.7931073121854,5012.985509234312,10,T
8,131072,-17113.999999998094,0.05,17113.999999998094,2883.625668223576,5012.985509234312,11,T
4,32768,-4719.999999999919,0.05,4719.999999999919,555.7235660316346,1253.246377308578,0,K
4,32768,-4646.999999999922,0.05,4646.999999999922,429.5282005533413,1253.246377308578,1,K
4,32768,-4684.999999999976,0.05,4684.999999999976,552.2375681283743,1253.246377308578,2,K
4,32768,-4849.666666666599,0.05,4849.666666666599,489.0600250530215,1253.246377308578,3,K
4,32768,-4695.6666666666315,0.05,4695.6666666666315,506.7179100798162,1253.246377308578,4,K
4,32768,-4612.666666666672,0.05,4612.666666666672,499.49403357064466,1253.246377308578,5,K
4,32768,-4669.9999999999245,0.05,4669.9999999999245,480.1924407048191,1253.246377308578,6,K
4,32768,-4757.999999999945,0.05,4757.999999999945,540.6760531807959,1253.246377308578,7,K
4,32768,-4682.3333333332985,0.05,4682.3333333332985,483.81358861976605,1253.246377308578,8,K
4,32768,-4752.333333333249,0.05,4752.333333333249,442.92032379229795,1253.246377308578,9,K
4,32768,-4674.333333333225,0.05,4674.333333333225,551.9187493477489,1253.246377308578,10,K
4,32768,-4778.666666666603,0.05,4778.666666666603,492.4961165144505,1253.246377308578,11,K
8,32768,-4006.428571428562,0.05,4006.428571428562,1127.6470271614044,2506.492754617156,0,K
8,32768,-4000.5714285714516,0.05,4000.5714285714516,1079.5739116173845,2506.492754617156,1,K
8,32768,-4070.4285714285643,0.05,4070.4285714285643,1063.711332017548,2506.492754617156,2,K
8,32768,-3930.857142857154,0.05,3930.857142857154,1143.8503084835188,2506.492754617156,3,K
8,32768,-4075.5714285714444,0.05,4075.5714285714444,1131.172610996724,2506.492754617156,4,K
8,32768,-4055.2857142857206,0.05,4055.2857142857206,1117.0257668008308,2506.492754617156,5,K
8,32768,-3981.7142857143053,0.05,3981.7142857143053,1160.5350452223302,2506.492754617156,6,K
8,32768,-4106.428571428585,0.05,4106.428571428585,1099.648959614865,2506.492754617156,7,K
8,32768,-4035.0000000000114,0.05,4035.0000000000114,1097.8380645650118,2506.492754617156,8,K
8,32768,-4062.428571428577,0.05,4062.428571428577,1141.6869924063708,2506.492754617156,9,K
8,32768,-4028.857142857178,0.05,4028.857142857178,1055.3004335980168,2506.492754617156,10,K
8,32768,-4044.1428571428833,0.05,4044.1428571428833,1071.3904106232112,2506.492754617156,11,K
12,32768,-3593.090909090918,0.05,3593.090909090918,1203.438693438674,3759.739131925734,0,K
12,32768,-3572.5454545454604,0.05,3572.5454545454604,1197.4091574284398,3759.739131925734,1,K
12,32768,-3576.5454545454663,0.05,3576.5454545454663,1168.7099411812778,3759.739131925734,2,K
12,32768,-3604.1818181818353,0.05,3604.1818181818353,1255.422620202483,3759.739131925734,3,K
12,32768,-3575.72727272728,0.05,3575.72727272728,1246.632435919947,3759.739131925734,4,K
12,32768,-3582.909090909103,0.05,3582.909090909103,1164.4178011666295,3759.739131925734,5,K
12,32768,-3623.8181818181965,0.05,3623.8181818181965,1177.4337387463133,3759.739131925734,6,K
12,32768,-3628.3636363636397,0.05,3628.3636363636397,1219.7007704344805,3759.739131925734,7,K
12,32768,-3587.7272727273,0.05,3587.7272727273,1190.9798377463417,3759.739131925734,8,K
12,32768,-3614.545454545477,0.05,3614.545454545477,1215.7622385923446,3759.739131925734,9,K
12,32768,-3595.0000000000023,0.05,3595.0000000000023,1205.4362513003134,3759.739131925734,10,K
12,32768,-3646.363636363659,0.05,3646.363636363659,1247.791819620999,3759.739131925734,11,K
16,32768,-3395.999999999988,0.05,3395.999999999988,1286.5844592928934,5012.985509234312,0,K
16,32768,-3400.2666666666573,0.05,3400.2666666666573,1224.9867676825747,5012.985509234312,1,K
16,32768,-3393.9333333333275,0.05,3393.9333333333275,1233.3807704458713,5012.985509234312,2,K
16,32768,-3377.200000000008,0.05,3377.200000000008,1267.5122774208771,5012.985509234312,3,K
16,32768,-3353.1333333333273,0.05,3353.1333333333273,1306.2095528790583,5012.985509234312,4,K
16,32768,-3414.9999999999754,0.05,3414.9999999999754,1296.7743574789379,5012.985509234312,5,K
16,32768,-3396.3333333333294,0.05,3396.3333333333294,1234.512620118879,5012.985509234312,6,K
16,32768,-3400.266666666682,0.05,3400.266666666682,1274.3271617642204,5012.985509234312,7,K
16,32768,-3386.399999999999,0.05,3386.399999999999,1221.6399589092375,5012.985509234312,8,K
16,32768,-3390.999999999994,0.05,3390.999999999994,1266.421360423844,5012.985509234312,9,K
16,32768,-3390.733333333333,0.05,3390.733333333333,1314.9304409462793,5012.985509234312,10,K
16,32768,-3385.333333333329,0.05,3385.333333333329,1267.0585131646703,5012.985509234312,11,K
